Character,Pīnyīn,English,eng_tag,shared_by,ch_tag
千,qiān,thousand,great_compassion_repentance,"慳, 愆",大悲懺
手,shǒu,hands,great_compassion_repentance,"首, 守",大悲懺
眼,yǎn,eyes,great_compassion_repentance,"广, 演",大悲懺
大,dà,great; vast,great_compassion_repentance,,大悲懺
悲,bēi,compassion; sorrow,great_compassion_repentance,,大悲懺
懺,chàn,repent; bowing repentance,great_compassion_repentance,,大悲懺
法,fǎ,dharma; ways; principle,great_compassion_repentance,,大悲懺
觀,guān,contemplated,great_compassion_repentance,,大悲懺
世,shì,life,great_compassion_repentance,"士, 氏, 示, 事, 是, 飾, 逝, 釋, 誓, 勢, 識",大悲懺
音,yīn,music; sounds,great_compassion_repentance,"殷, 因",大悲懺
一,yí,one; single,great_compassion_repentance,"儀, 疑",大悲懺
切,qiè,all; close to; entirely,great_compassion_repentance,,大悲懺
恭,gōng,respectful,great_compassion_repentance,"工, 弓, 功, 公, 宮",大悲懺
敬,jìng,reverent,great_compassion_repentance,"淨, 竟, 靜",大悲懺
一,yì,one; single,great_compassion_repentance,"弋, 邑, 異, 億, 亦, 意, 議, 義, 憶, 逸, 益",大悲懺
心,xīn,thoughts,great_compassion_repentance,"辛, 新",大悲懺
頂,dǐng,top; bow down with the head,great_compassion_repentance,鼎,大悲懺
禮,lǐ,worship; bow; ceremony,great_compassion_repentance,"里, 理",大悲懺
十,shí,ten,great_compassion_repentance,"石, 食, 時, 識, 實",大悲懺
方,fāng,means,great_compassion_repentance,匚,大悲懺
常,cháng,everlasting; constantly,great_compassion_repentance,長,大悲懺
住,zhù,abides; dwells; stays,great_compassion_repentance,,大悲懺
三,sān,three,great_compassion_repentance,,大悲懺
寶,bǎo,jeweled; jewel; precious,great_compassion_repentance,飽,大悲懺
是,shì,this; these,great_compassion_repentance,"士, 氏, 示, 事, 世, 飾, 逝, 釋, 誓, 勢, 識",大悲懺
諸,zhū,all; many,great_compassion_repentance,珠,大悲懺
眾,zhòng,assembly; crowd; many,great_compassion_repentance,重,大悲懺
等,děng,sameness,great_compassion_repentance,,大悲懺
各,gè,each; every,great_compassion_repentance,,大悲懺
胡,hú,kneeling (style of kneeling),great_compassion_repentance,,大悲懺
跪,guì,kneeling; kneels,great_compassion_repentance,,大悲懺
嚴,yán,adornment; majestic; strict,great_compassion_repentance,"言, 延, 巖, 顏",大悲懺
持,chí,holding; holds; bear in mind,great_compassion_repentance,池,大悲懺
香,xiāng,incense; fragrance,great_compassion_repentance,相,大悲懺
華,huā,flower; splendid,great_compassion_repentance,,大悲懺
如,rú,in accord with; like; as,great_compassion_repentance,,大悲懺
供,gòng,making offerings; offer,great_compassion_repentance,共,大悲懺
養,yàng,offerings; support,great_compassion_repentance,,大悲懺
願,yuàn,practice; vows,great_compassion_repentance,怨,大悲懺
此,cǐ,this,great_compassion_repentance,,大悲懺
雲,yún,cloud,great_compassion_repentance,云,大悲懺
遍,biàn,pervade; everywhere; completely,great_compassion_repentance,"釆, 變, 偏, 徧, 便, 辯",大悲懺
滿,mǎn,full,great_compassion_repentance,,大悲懺
界,jiè,directions; realm; bounds,great_compassion_repentance,戒,大悲懺
一,yī,first (ground),great_compassion_repentance,"衣, 依",大悲懺
佛,fó,Buddha; Buddhalands,great_compassion_repentance,,大悲懺
土,tǔ,earth,great_compassion_repentance,,大悲懺
無,wú,supreme,great_compassion_repentance,"无, 毋, 吾",大悲懺
量,liàng,measure; bounds,great_compassion_repentance,,大悲懺
莊,zhuāng,adorned; majestic,great_compassion_repentance,,大悲懺
具,jù,complete; fully; objects,great_compassion_repentance,"俱, 炬, 聚, 句",大悲懺
足,zú,fulfilled; complete; feet,great_compassion_repentance,,大悲懺
道,dào,path; way,great_compassion_repentance,到,大悲懺
成,chéng,perfected; accomplishment; create,great_compassion_repentance,"城, 盛, 誠, 澄, 乘, 承",大悲懺
就,jiù,accomplished; reach,great_compassion_repentance,"臼, 救",大悲懺
來,lái,until,great_compassion_repentance,,大悲懺
我,wǒ,my; I,great_compassion_repentance,,大悲懺
以,yǐ,making; with; because,great_compassion_repentance,"乙, 已",大悲懺
為,wéi,tower; become; body; for,great_compassion_repentance,"囗, 韋, 圍, 唯, 微, 維, 違, 惟",大悲懺
微,wēi,subtle; miraculous,great_compassion_repentance,威,大悲懺
妙,miào,wonderful; spiritual; subtle,great_compassion_repentance,,大悲懺
光,guāng,light,great_compassion_repentance,,大悲懺
明,míng,bright; clarity,great_compassion_repentance,"名, 冥",大悲懺
臺,tái,tower; platform,great_compassion_repentance,台,大悲懺
天,tiān,heavenly; heavens; gods,great_compassion_repentance,,大悲懺
樂,yuè,music,great_compassion_repentance,"月, 龠, 悅, 嶽, 越",大悲懺
餚,yáo,delicacies,great_compassion_repentance,"爻, 遙",大悲懺
膳,shàn,delicacies; food,great_compassion_repentance,善,大悲懺
衣,yī,garments; clothes,great_compassion_repentance,"一, 依",大悲懺
不,bù,not; cannot,great_compassion_repentance,"布, 步, 怖, 部",大悲懺
可,kě,can; potential,great_compassion_repentance,,大悲懺
思,sī,inconceivably; think,great_compassion_repentance,"厶, 私, 斯",大悲懺
議,yì,inconceivably; discuss,great_compassion_repentance,"弋, 邑, 異, 億, 亦, 意, 義, 憶, 逸, 益, 一",大悲懺
塵,chén,defilement; dharma-objects; particle,great_compassion_repentance,"臣, 辰, 沈",大悲懺
出,chū,escape,great_compassion_repentance,初,大悲懺
旋,xuán,revolving,great_compassion_repentance,玄,大悲懺
轉,zhuǎn,revolving; wheel,great_compassion_repentance,,大悲懺
礙,ài,unobstructed; unimpeded; hindrance,great_compassion_repentance,愛,大悲懺
互,hù,each other; mutually,great_compassion_repentance,"戶, 護",大悲懺
至,zhì,utmost,great_compassion_repentance,"豸, 智, 致, 制, 置",大悲懺
前,qián,before; present; time,great_compassion_repentance,,大悲懺
悉,xī,everywhere; entirely; all,great_compassion_repentance,"夕, 西, 希, 昔",大悲懺
有,yǒu,triple world; existence,great_compassion_repentance,"酉, 友",大悲懺
身,shēn,body,great_compassion_repentance,"深, 伸",大悲懺
修,xiū,cultivate; makes,great_compassion_repentance,,大悲懺
皆,jiē,all; together,great_compassion_repentance,"階, 接",大悲懺
彼,bǐ,that; those,great_compassion_repentance,"匕, 比",大悲懺
雜,zá,mixed; adulterated,great_compassion_repentance,,大悲懺
障,zhàng,obstacles; green obstacles; hindrance,great_compassion_repentance,丈,大悲懺
盡,jìn,extinguished,great_compassion_repentance,進,大悲懺
未,wèi,future,great_compassion_repentance,"為, 味, 謂, 畏, 位",大悲懺
際,jì,bounds; time,great_compassion_repentance,"彐, 偈, 濟, 計, 伎, 髻, 迹, 寂, 暨",大悲懺
作,zuò,doing; create,great_compassion_repentance,坐,大悲懺
事,shì,work; matter; things,great_compassion_repentance,"士, 氏, 示, 是, 世, 飾, 逝, 釋, 誓, 勢, 識",大悲懺
普,pǔ,everywhere; universal,great_compassion_repentance,,大悲懺
薰,xūn,spreading fragrance; received the fragrance; seasoned,great_compassion_repentance,熏,大悲懺
生,shēng,living beings; life; birth,great_compassion_repentance,聲,大悲懺
蒙,méng,having received,great_compassion_repentance,,大悲懺
發,fā,bring forth; manifests; emit,great_compassion_repentance,,大悲懺
同,tóng,together; same; identical,great_compassion_repentance,童,大悲懺
入,rù,enter,great_compassion_repentance,,大悲懺
證,zhèng,certified to; fruition,great_compassion_repentance,正,大悲懺
智,zhì,wisdom,great_compassion_repentance,"至, 豸, 致, 制, 置",大悲懺
已,yǐ,complete; now; finished,great_compassion_repentance,"乙, 以",大悲懺
過,guò,past; errors,great_compassion_repentance,,大悲懺
去,qù,past,great_compassion_repentance,趣,大悲懺
正,zhèng,proper,great_compassion_repentance,證,大悲懺
現,xiàn,present (life),great_compassion_repentance,,大悲懺
功,gōng,merit,great_compassion_repentance,"工, 弓, 公, 恭, 宮",大悲懺
德,dé,virtues,great_compassion_repentance,得,大悲懺
慈,cí,kind; kindness,great_compassion_repentance,辭,大悲懺
於,yú,in; before,great_compassion_repentance,"魚, 愚, 餘, 虞",大悲懺
照,zhào,illumines; look upon,great_compassion_repentance,召,大悲懺
見,jiàn,looks upon; seeing,great_compassion_repentance,"賤, 間",大悲懺
護,hù,protects; protection,great_compassion_repentance,"戶, 互",大悲懺
令,lìng,causes; so that,great_compassion_repentance,,大悲懺
廣,guǎng,great; vast; wide scale,great_compassion_repentance,,大悲懺
教,jiào,teaches; teachings,great_compassion_repentance,校,大悲懺
圓,yuán,perfect; full,great_compassion_repentance,"緣, 源",大悲懺
神,shén,spiritual; awesome,great_compassion_repentance,,大悲懺
咒,zhòu,mantra,great_compassion_repentance,晝,大悲懺
永,yǒng,forever,great_compassion_repentance,"勇, 涌",大悲懺
離,lí,leave,great_compassion_repentance,,大悲懺
惡,è,evil; foul,great_compassion_repentance,"餓, 厄",大悲懺
得,dé,attained; be reborn; can,great_compassion_repentance,德,大悲懺
間,jiàn,uninterrupted; cease,great_compassion_repentance,"見, 賤",大悲懺
重,zhòng,grave; heavy,great_compassion_repentance,眾,大悲懺
愆,qiān,offenses,great_compassion_repentance,"千, 慳",大悲懺
纏,chán,bind; embroils,great_compassion_repentance,禪,大悲懺
疾,jí,ills; illnesses,great_compassion_repentance,"即, 及, 極, 寂, 集",大悲懺
莫,mò,no one; cannot,great_compassion_repentance,末,大悲懺
能,néng,can; able to,great_compassion_repentance,,大悲懺
救,jiù,saved; rescue,great_compassion_repentance,"臼, 就",大悲懺
濟,jì,extricated,great_compassion_repentance,"彐, 偈, 計, 伎, 髻, 迹, 寂, 暨, 際",大悲懺
使,shǐ,to cause; to make,great_compassion_repentance,"矢, 豕, 始",大悲懺
消,xiāo,melt away; eradicate; extinguished,great_compassion_repentance,銷,大悲懺
除,chú,melt away; dissolve; wipe out,great_compassion_repentance,廚,大悲懺
辯,biàn,eloquence,great_compassion_repentance,"釆, 變, 遍, 偏, 徧, 便",大悲懺
才,cái,eloquence,great_compassion_repentance,財,大悲懺
求,qiú,sought; seek,great_compassion_repentance,,大悲懺
果,guǒ,fruit; fruition; result,great_compassion_repentance,,大悲懺
遂,suì,accomplishment,great_compassion_repentance,,大悲懺
決,jué,no doubt whatever,great_compassion_repentance,"亅, 覺",大悲懺
定,dìng,no doubt whatever; samadhi,great_compassion_repentance,,大悲懺
疑,yí,doubt,great_compassion_repentance,"儀, 一",大悲懺
速,sù,quickly; soon,great_compassion_repentance,宿,大悲懺
獲,huò,attained,great_compassion_repentance,"或, 惑",大悲懺
乘,chéng,vehicles; board,great_compassion_repentance,"城, 成, 盛, 誠, 澄, 承",大悲懺
早,zǎo,soon; quickly,great_compassion_repentance,,大悲懺
登,dēng,reached; climb,great_compassion_repentance,燈,大悲懺
地,dì,ground,great_compassion_repentance,"弟, 帝, 諦",大悲懺
威,wēi,awesome,great_compassion_repentance,微,大悲懺
之,zhī,of (possessive particle),great_compassion_repentance,"支, 知",大悲懺
力,lì,might; strength,great_compassion_repentance,"立, 隶, 鬲, 利, 歷",大悲懺
歎,tàn,praises,great_compassion_repentance,,大悲懺
窮,qióng,exhaust,great_compassion_repentance,,大悲懺
故,gù,therefore; for the sake of,great_compassion_repentance,,大悲懺
歸,guī,return; relies,great_compassion_repentance,"龜, 皈",大悲懺
命,mìng,life,great_compassion_repentance,,大悲懺
本,běn,original,great_compassion_repentance,,大悲懺
師,shī,masters,great_compassion_repentance,"尸, 施, 失",大悲懺
尊,zūn,honored; World Honored One,great_compassion_repentance,,大悲懺
所,suǒ,worshed/worshipper (object modifier); brought about by,great_compassion_repentance,,大悲懺
性,xìng,nature,great_compassion_repentance,,大悲懺
空,kōng,empty; space,great_compassion_repentance,,大悲懺
寂,jì,still; extinguished,great_compassion_repentance,"彐, 偈, 濟, 計, 伎, 髻, 迹, 暨, 際",大悲懺
感,gǎn,response; connection,great_compassion_repentance,,大悲懺
應,yìng,response,great_compassion_repentance,,大悲懺
交,jiāo,intertwined; embroils,great_compassion_repentance,,大悲懺
難,nán,difficult to; hard,great_compassion_repentance,"南, 男",大悲懺
場,chǎng,place; way-place,great_compassion_repentance,,大悲懺
帝,dì,wish-fulfilling,great_compassion_repentance,"弟, 地, 諦",大悲懺
珠,zhū,pearl,great_compassion_repentance,諸,大悲懺
影,yǐng,appears,great_compassion_repentance,,大悲懺
中,zhōng,present (life),great_compassion_repentance,終,大悲懺
頭,tóu,head,great_compassion_repentance,"亠, 投",大悲懺
面,miàn,face,great_compassion_repentance,,大悲懺
接,jiē,worshipping; bow down,great_compassion_repentance,"皆, 階",大悲懺
西,xī,western,great_compassion_repentance,"夕, 悉, 希, 昔",大悲懺
極,jí,ultimate,great_compassion_repentance,"即, 及, 寂, 集, 疾",大悲懺
樂,lè,bliss,great_compassion_repentance,勒,大悲懺
億,yì,kotis,great_compassion_repentance,"弋, 邑, 異, 亦, 意, 議, 義, 憶, 逸, 益, 一",大悲懺
劫,jié,kalpas,great_compassion_repentance,"卩, 結, 潔, 竭",大悲懺
王,wáng,king,great_compassion_repentance,亡,大悲懺
靜,jìng,stillness; still,great_compassion_repentance,"淨, 竟, 敬",大悲懺
九,jiǔ,ninety,great_compassion_repentance,"韭, 久",大悲懺
沙,shā,sands,great_compassion_repentance,,大悲懺
賢,xián,worthy,great_compassion_repentance,咸,大悲懺
章,zhāng,phrases,great_compassion_repentance,,大悲懺
句,jù,phrases; lines,great_compassion_repentance,"俱, 炬, 具, 聚",大悲懺
今,jīn,this; present,great_compassion_repentance,"巾, 斤, 金",大悲懺
業,yè,karmas; karmic actions; practices,great_compassion_repentance,"頁, 夜, 葉",大悲懺
請,qǐng,pray; ask,great_compassion_repentance,頃,大悲懺
惟,wéi,pray; only,great_compassion_repentance,"囗, 韋, 為, 圍, 唯, 微, 維, 違",大悲懺
顯,xiǎn,manifest,great_compassion_repentance,,大悲懺
受,shòu,receive,great_compassion_repentance,壽,大悲懺
說,shuō,spoken; finished speaking; phrases,great_compassion_repentance,,大悲懺
及,jí,and,great_compassion_repentance,"即, 極, 寂, 集, 疾",大悲懺
真,zhēn,True,great_compassion_repentance,,大悲懺
虛,xū,empty,great_compassion_repentance,,大悲懺
自,zì,my,great_compassion_repentance,字,大悲懺
在,zài,at ease; present,great_compassion_repentance,,大悲懺
為,wèi,tower; become; body; for,great_compassion_repentance,"味, 謂, 未, 畏, 位",大悲懺
滅,miè,eradication; disappear; extinguished,great_compassion_repentance,,大悲懺
勢,shì,strength; power,great_compassion_repentance,"士, 氏, 示, 事, 是, 世, 飾, 逝, 釋, 誓, 識",大悲懺
總,zǒng,total; dharani,great_compassion_repentance,,大悲懺
日,rì,day,great_compassion_repentance,,大悲懺
月,yuè,moonlight,great_compassion_repentance,"龠, 樂, 悅, 嶽, 越",大悲懺
藥,yào,physician,great_compassion_repentance,要,大悲懺
上,shàng,supreme,great_compassion_repentance,尚,大悲懺
華,huá,flower; splendid,great_compassion_repentance,,大悲懺
藏,zàng,treasury,great_compassion_repentance,,大悲懺
金,jīn,gold; metal,great_compassion_repentance,"巾, 斤, 今",大悲懺
剛,gāng,hard; adamantine (vajra),great_compassion_repentance,,大悲懺
文,wén,liturgy; text,great_compassion_repentance,聞,大悲懺
殊,shū,profound,great_compassion_repentance,殳,大悲懺
數,shù,innumerable; number,great_compassion_repentance,"樹, 豎",大悲懺
聲,shēng,voice; sound; recitations,great_compassion_repentance,生,大悲懺
聞,wén,hearer; sound-hearer,great_compassion_repentance,文,大悲懺
僧,sēng,sangha,great_compassion_repentance,,大悲懺
闡,chǎn,to expound; to elucidate,great_compassion_repentance,,大悲懺
台,tái,platform; terrace (Tiantai),great_compassion_repentance,臺,大悲懺
四,sì,fourth; four,great_compassion_repentance,寺,大悲懺
者,zhě,venerable one; those who (particle),great_compassion_repentance,,大悲懺
代,dài,on behalf of,great_compassion_repentance,,大悲懺
善,shàn,good; skill,great_compassion_repentance,膳,大悲懺
梵,fàn,Brahma; pure (brahman),great_compassion_repentance,飯,大悲懺
子,zǐ,god; child,great_compassion_repentance,紫,大悲懺
龍,lóng,dragons,great_compassion_repentance,,大悲懺
八,bā,eight,great_compassion_repentance,,大悲懺
部,bù,divisions,great_compassion_repentance,"不, 布, 步, 怖",大悲懺
童,tóng,young men/women,great_compassion_repentance,同,大悲懺
目,mù,eye,great_compassion_repentance,木,大悲懺
女,nǚ,goddess; young women,great_compassion_repentance,,大悲懺
江,jiāng,rivers,great_compassion_repentance,將,大悲懺
海,hǎi,oceans; sea,great_compassion_repentance,,大悲懺
泉,quán,fountains,great_compassion_repentance,全,大悲懺
源,yuán,springs,great_compassion_repentance,"緣, 圓",大悲懺
河,hé,streams,great_compassion_repentance,"禾, 何, 和, 合",大悲懺
沼,zhǎo,pools,great_compassion_repentance,爪,大悲懺
草,cǎo,herbs; grasses,great_compassion_repentance,艸,大悲懺
樹,shù,woods; trees,great_compassion_repentance,"數, 豎",大悲懺
林,lín,woods,great_compassion_repentance,臨,大悲懺
舍,shè,household; dwell,great_compassion_repentance,"攝, 社",大悲懺
宅,zhái,household,great_compassion_repentance,,大悲懺
水,shuǐ,water,great_compassion_repentance,,大悲懺
火,huǒ,fire; boiling,great_compassion_repentance,,大悲懺
風,fēng,wind,great_compassion_repentance,峯,大悲懺
山,shān,mountain,great_compassion_repentance,彡,大悲懺
宮,gōng,palace,great_compassion_repentance,"工, 弓, 功, 公, 恭",大悲懺
殿,diàn,palace,great_compassion_repentance,,大悲懺
守,shǒu,to guard; to protect,great_compassion_repentance,"手, 首",大悲懺
鬼,guǐ,ghosts,great_compassion_repentance,,大悲懺
眷,juàn,retinue,great_compassion_repentance,,大悲懺
屬,shǔ,retinue,great_compassion_repentance,"黍, 鼠",大悲懺
經,jīng,sutra,great_compassion_repentance,精,大悲懺
云,yún,to say; to speak,great_compassion_repentance,雲,大悲懺
若,ruò,if,great_compassion_repentance,,大悲懺
男,nán,young men,great_compassion_repentance,"南, 難",大悲懺
欲,yù,wanting; wish to,great_compassion_repentance,"玉, 聿, 御, 獄, 遇",大悲懺
誦,sòng,recite,great_compassion_repentance,,大悲懺
起,qǐ,rise; stand; bring forth,great_compassion_repentance,,大悲懺
先,xiān,first,great_compassion_repentance,仙,大悲懺
當,dāng,should,great_compassion_repentance,,大悲懺
從,cóng,follow,great_compassion_repentance,,大悲懺
知,zhī,knowledge,great_compassion_repentance,"支, 之",大悲懺
慧,huì,wisdom,great_compassion_repentance,"會, 諱",大悲懺
度,dù,cross over; rescue,great_compassion_repentance,土,大悲懺
便,biàn,means,great_compassion_repentance,"釆, 變, 遍, 偏, 徧, 辯",大悲懺
若,rě,if,great_compassion_repentance,,大悲懺
船,chuán,boat,great_compassion_repentance,傳,大悲懺
越,yuè,cross over,great_compassion_repentance,"月, 龠, 樂, 悅, 嶽",大悲懺
苦,kǔ,suffering,great_compassion_repentance,,大悲懺
戒,jiè,precepts,great_compassion_repentance,界,大悲懺
會,huì,dwell; assembly,great_compassion_repentance,"慧, 諱",大悲懺
向,xiàng,transferring; dedicate,great_compassion_repentance,相,大悲懺
刀,dāo,knives,great_compassion_repentance,,大悲懺
摧,cuī,breaks up,great_compassion_repentance,,大悲懺
折,zhé,breaks up,great_compassion_repentance,,大悲懺
湯,tāng,oil; soup,great_compassion_repentance,,大悲懺
枯,kū,dries up,great_compassion_repentance,窟,大悲懺
竭,jié,dries up,great_compassion_repentance,"卩, 結, 劫, 潔",大悲懺
獄,yù,hells,great_compassion_repentance,"玉, 聿, 欲, 御, 遇",大悲懺
餓,è,hungry; starving,great_compassion_repentance,"厄, 惡",大悲懺
飽,bǎo,become full,great_compassion_repentance,寶,大悲懺
調,tiáo,tamed,great_compassion_repentance,,大悲懺
伏,fú,tamed,great_compassion_repentance,"福, 服",大悲懺
畜,chù,animal; livestock,great_compassion_repentance,"處, 觸",大悲懺
白,bái,said to,great_compassion_repentance,,大悲懺
言,yán,words,great_compassion_repentance,"嚴, 延, 巖, 顏",大悲懺
墮,duò,fall into,great_compassion_repentance,,大悲懺
誓,shì,vow,great_compassion_repentance,"士, 氏, 示, 事, 是, 世, 飾, 逝, 釋, 勢, 識",大悲懺
覺,jué,enlightenment; to awaken,great_compassion_repentance,"亅, 決",大悲懺
國,guó,Buddhaland; country,great_compassion_repentance,,大悲懺
也,yě,(final particle); also,great_compassion_repentance,,大悲懺
乃,nǎi,having (spoken),great_compassion_repentance,,大悲懺
語,yǔ,words,great_compassion_repentance,"羽, 雨, 與",大悲懺
合,hé,put together,great_compassion_repentance,"禾, 何, 和, 河",大悲懺
掌,zhǎng,palms,great_compassion_repentance,長,大悲懺
開,kāi,open,great_compassion_repentance,,大悲懺
顏,yán,broadly (face),great_compassion_repentance,"言, 嚴, 延, 巖",大悲懺
含,hán,with (smile); shared by,great_compassion_repentance,,大悲懺
笑,xiào,smiled,great_compassion_repentance,,大悲懺
即,jí,in this way; quickly,great_compassion_repentance,"及, 極, 寂, 集, 疾",大悲懺
曰,yuē,is like this; says,great_compassion_repentance,,大悲懺
六,liù,six ways; six,great_compassion_repentance,,大悲懺
變,biàn,ways (shaking),great_compassion_repentance,"釆, 遍, 偏, 徧, 便, 辯",大悲懺
震,zhèn,shook,great_compassion_repentance,,大悲懺
動,dòng,shook; movement,great_compassion_repentance,凍,大悲懺
雨,yǔ,rained forth,great_compassion_repentance,"羽, 語, 與",大悲懺
繽,bīn,colorful profusion,great_compassion_repentance,,大悲懺
紛,fēn,colorful profusion,great_compassion_repentance,分,大悲懺
而,ér,and (conjunction),great_compassion_repentance,儿,大悲懺
下,xià,down; below,great_compassion_repentance,,大悲懺
歡,huān,delighted,great_compassion_repentance,,大悲懺
喜,xǐ,delighted; rejoice,great_compassion_repentance,,大悲懺
魔,mó,demons,great_compassion_repentance,"無, 摩",大悲懺
外,wài,outer,great_compassion_repentance,,大悲懺
恐,kǒng,afraid,great_compassion_repentance,孔,大悲懺
怖,bù,fear,great_compassion_repentance,"不, 布, 步, 部",大悲懺
毛,máo,hair,great_compassion_repentance,矛,大悲懺
豎,shù,stood on end,great_compassion_repentance,"樹, 數",大悲懺
或,huò,some; others,great_compassion_repentance,"惑, 獲",大悲懺
二,èr,second (ground),great_compassion_repentance,,大悲懺
五,wǔ,five parts of the body,great_compassion_repentance,鵡,大悲懺
始,shǐ,beginning,great_compassion_repentance,"矢, 豕, 使",大悲懺
根,gēn,sense-faculties,great_compassion_repentance,,大悲懺
罪,zuì,evils; offenses,great_compassion_repentance,最,大悲懺
要,yào,essentials,great_compassion_repentance,藥,大悲懺
但,dàn,merely,great_compassion_repentance,旦,大悲懺
順,shùn,complying with,great_compassion_repentance,,大悲懺
死,sǐ,deaths,great_compassion_repentance,,大悲懺
理,lǐ,form together,great_compassion_repentance,"里, 禮",大悲懺
雖,suī,although,great_compassion_repentance,夊,大悲懺
猶,yóu,continue,great_compassion_repentance,"遊, 由",大悲懺
與,yǔ,along with; and,great_compassion_repentance,"羽, 雨, 語",大悲懺
對,duì,before,great_compassion_repentance,,大悲懺
悔,huǐ,reform; repentance,great_compassion_repentance,毀,大悲懺
加,jiā,protection; consort with,great_compassion_repentance,"家, 迦",大悲懺
恩,ēn,superiors,great_compassion_repentance,,大悲懺
斷,duàn,cut off,great_compassion_repentance,,大悲懺
由,yóu,stem from; because of,great_compassion_repentance,"遊, 猶",大悲懺
愛,ài,love,great_compassion_repentance,礙,大悲懺
內,nèi,inner,great_compassion_repentance,,大悲懺
計,jì,scheme,great_compassion_repentance,"彐, 偈, 濟, 伎, 髻, 迹, 寂, 暨, 際",大悲懺
人,rén,myself (others/self context); people,great_compassion_repentance,仁,大悲懺
友,yǒu,friends,great_compassion_repentance,"酉, 有",大悲懺
隨,suí,rejoice compliantly; follow,great_compassion_repentance,,大悲懺
他,tā,others,great_compassion_repentance,,大悲懺
毫,háo,hair's breadth,great_compassion_repentance,,大悲懺
造,zào,committed; create; offenses,great_compassion_repentance,,大悲懺
布,bù,pervades,great_compassion_repentance,"不, 步, 怖, 部",大悲懺
晝,zhòu,day,great_compassion_repentance,咒,大悲懺
夜,yè,night,great_compassion_repentance,"頁, 業, 葉",大悲懺
相,xiāng,incessant,great_compassion_repentance,香,大悲懺
續,xù,incessant; continues,great_compassion_repentance,旭,大悲懺
覆,fù,covering up,great_compassion_repentance,"父, 阜, 復, 縛",大悲懺
諱,huì,covering up,great_compassion_repentance,"會, 慧",大悲懺
失,shī,mistakes; errors,great_compassion_repentance,"尸, 師, 施",大悲懺
畏,wèi,fear,great_compassion_repentance,"為, 味, 謂, 未, 位",大悲懺
慚,cán,ashamed; shame,great_compassion_repentance,,大悲懺
愧,kuì,remorse; fear,great_compassion_repentance,,大悲懺
撥,bō,denying,great_compassion_repentance,"癶, 般, 波",大悲懺
因,yīn,cause,great_compassion_repentance,"音, 殷",大悲懺
深,shēn,deeply,great_compassion_repentance,"身, 伸",大悲懺
信,xìn,believe,great_compassion_repentance,,大悲懺
露,lòu,lay bare; confess,great_compassion_repentance,,大悲懺
勤,qín,diligently,great_compassion_repentance,,大悲懺
策,cè,to spur on; to urge,great_compassion_repentance,,大悲懺
翻,fān,reform,great_compassion_repentance,,大悲懺
昔,xī,past,great_compassion_repentance,"夕, 西, 悉, 希",大悲懺
凡,fán,ordinary people,great_compassion_repentance,煩,大悲懺
聖,shèng,sages; holy,great_compassion_repentance,"勝, 乘",大悲懺
念,niàn,reflects; thoughts; recites,great_compassion_repentance,,大悲懺
福,fú,blessings,great_compassion_repentance,"伏, 服",大悲懺
拔,bá,pull me out; rescue,great_compassion_repentance,,大悲懺
置,zhì,bring me straight to,great_compassion_repentance,"至, 豸, 智, 致, 制",大悲懺
岸,àn,shore,great_compassion_repentance,闇,大悲懺
攝,shè,gather it in,great_compassion_repentance,"舍, 社",大悲懺
弟,dì,disciple,great_compassion_repentance,"地, 帝, 諦",大悲懺
子,zǐ,god; child,great_compassion_repentance,紫,大悲懺
眾,zhòng,assembly; crowd; many,great_compassion_repentance,重,大悲懺
識,shì,consciousness; to know,great_compassion_repentance,"士, 氏, 示, 事, 是, 世, 飾, 逝, 釋, 誓, 勢",大悲懺
闇,àn,dark; obscure,great_compassion_repentance,岸,大悲懺
觸,chù,contact with,great_compassion_repentance,"處, 畜",大悲懺
昏,hūn,dims,great_compassion_repentance,,大悲懺
迷,mí,confuses,great_compassion_repentance,彌,大悲懺
舉,jǔ,arise (thoughts),great_compassion_repentance,沮,大悲懺
縛,fù,bind,great_compassion_repentance,"父, 阜, 復, 覆",大悲懺
著,zhuó,attachments,great_compassion_repentance,濁,大悲懺
平,píng,sameness,great_compassion_repentance,,大悲懺
想,xiǎng,notions,great_compassion_repentance,,大悲懺
口,kǒu,mouth,great_compassion_repentance,,大悲懺
緣,yuán,conditions,great_compassion_repentance,"源, 圓",大悲懺
逆,nì,rebellious offenses,great_compassion_repentance,,大悲懺
謗,bàng,slandering,great_compassion_repentance,,大悲懺
破,pò,breaking,great_compassion_repentance,迫,大悲懺
齋,zhāi,pure eating,great_compassion_repentance,,大悲懺
毀,huǐ,destroying; ruining,great_compassion_repentance,悔,大悲懺
塔,tǎ,stupas,great_compassion_repentance,,大悲懺
壞,huài,ruining,great_compassion_repentance,,大悲懺
寺,sì,temples,great_compassion_repentance,四,大悲懺
偷,tōu,stealing from,great_compassion_repentance,,大悲懺
祇,qí,(Sangha) property; earth-spirit,great_compassion_repentance,"齊, 其, 奇",大悲懺
物,wù,property; food; objects,great_compassion_repentance,"勿, 悟",大悲懺
污,wū,defiling,great_compassion_repentance,烏,大悲懺
淨,jìng,extinguished,great_compassion_repentance,"竟, 敬, 靜",大悲懺
行,xíng,conduct; practices,great_compassion_repentance,形,大悲懺
侵,qīn,destroying,great_compassion_repentance,親,大悲懺
損,sǔn,destroying,great_compassion_repentance,,大悲懺
飲,yǐn,eating and drinking,great_compassion_repentance,"廴, 引",大悲懺
食,shí,eating and drinking,great_compassion_repentance,"十, 石, 時, 識, 實",大悲懺
財,cái,property,great_compassion_repentance,才,大悲懺
通,tōng,know,great_compassion_repentance,,大悲懺
邊,biān,boundless,great_compassion_repentance,,大悲懺
捨,shě,cast aside,great_compassion_repentance,,大悲懺
茲,zī,this,great_compassion_repentance,資,大悲懺
形,xíng,body,great_compassion_repentance,行,大悲懺
途,tú,paths of rebirth,great_compassion_repentance,塗,大悲懺
備,bèi,be entangled in,great_compassion_repentance,"貝, 臂",大悲懺
嬰,yīng,be entangled in,great_compassion_repentance,"鸚, 應",大悲懺
萬,wàn,myriad,great_compassion_repentance,,大悲懺
復,fù,again; return,great_compassion_repentance,"父, 阜, 覆, 縛",大悲懺
惱,nǎo,distress; troubles,great_compassion_repentance,,大悲懺
煎,jiān,embroils,great_compassion_repentance,"肩, 間, 堅, 兼",大悲懺
縈,yíng,to entangle; to wind around,great_compassion_repentance,迎,大悲懺
逼,bī,oppressive,great_compassion_repentance,,大悲懺
迫,pò,oppressive,great_compassion_repentance,破,大悲懺
遇,yù,met,great_compassion_repentance,"玉, 聿, 欲, 御, 獄",大悲懺
乞,qǐ,seek,great_compassion_repentance,,大悲懺
畢,bì,at last,great_compassion_repentance,必,大悲懺
竟,jìng,at last,great_compassion_repentance,"淨, 敬, 靜",大悲懺
制,zhì,have control over,great_compassion_repentance,"至, 豸, 智, 致, 置",大悲懺
精,jīng,vigorous,great_compassion_repentance,經,大悲懺
進,jìn,vigorous,great_compassion_repentance,盡,大悲懺
更,gèng,other,great_compassion_repentance,,大悲懺
趣,qù,destiny,great_compassion_repentance,去,大悲懺
親,qīn,kin; draw near to,great_compassion_repentance,侵,大悲懺
承,chéng,serve,great_compassion_repentance,"城, 成, 盛, 誠, 澄, 乘",大悲懺
群,qún,multitude; flock,great_compassion_repentance,,大悲懺
品,pǐn,classes of beings,great_compassion_repentance,,大悲懺
輪,lún,in turn,great_compassion_repentance,倫,大悲懺
到,dào,to reach; to arrive,great_compassion_repentance,道,大悲懺
皈,guī,to return to; to take refuge,great_compassion_repentance,"龜, 歸",大悲懺
依,yī,to rely on; according to,great_compassion_repentance,"一, 衣",大悲懺
體,tǐ,understand,great_compassion_repentance,,大悲懺
解,jiě,understand,great_compassion_repentance,,大悲懺
統,tǒng,form together,great_compassion_repentance,,大悲懺
和,hé,harmony,great_compassion_repentance,"禾, 何, 合, 河",大悲懺
南,nán,harmony,great_compassion_repentance,"難, 男",大悲懺
迴,huí,transferring; dedicate,great_compassion_repentance,回,大悲懺
勝,shèng,profound; superior,great_compassion_repentance,"聖, 乘",大悲懺
行,hèng,practitioner; practice; act,great_compassion_repentance,,大悲懺
沈,chén,sunk,great_compassion_repentance,"臣, 辰, 塵",大悲懺
溺,nì,defilement,great_compassion_repentance,,大悲懺
往,wǎng,to go toward; to proceed,great_compassion_repentance,"网, 網",大悲懺
剎,chà,land,great_compassion_repentance,刹,大悲懺
南無,nāmó,homage to; take refuge in,great_compassion_repentance,,大悲懺
大悲,dàbēi,great compassion,great_compassion_repentance,,大悲懺
觀世音,guānshìyīn,Avalokiteshvara; Guanyin,great_compassion_repentance,,大悲懺
菩薩,púsà,Bodhisattva,great_compassion_repentance,,大悲懺
一切,yīqiè,all; everything; entirely,great_compassion_repentance,,大悲懺
恭敬,gōngjìng,reverently; with deep respect,great_compassion_repentance,,大悲懺
一心,yīxīn,with whole heart; single-mindedly,great_compassion_repentance,,大悲懺
頂禮,dǐnglǐ,prostrate; bow down with the head,great_compassion_repentance,,大悲懺
十方,shífāng,ten directions,great_compassion_repentance,,大悲懺
常住,chángzhù,ever-present; eternally abiding,great_compassion_repentance,,大悲懺
三寶,sānbǎo,Triple Gem; Three Jewels,great_compassion_repentance,,大悲懺
胡跪,húguì,kneeling with the right knee touching the ground,great_compassion_repentance,,大悲懺
嚴持,yánchí,strictly and majestically hold,great_compassion_repentance,,大悲懺
香華,xiānghuā,incense and flowers,great_compassion_repentance,,大悲懺
如法,rúfǎ,in accordance with the Dharma,great_compassion_repentance,,大悲懺
供養,gòngyǎng,make offerings; support,great_compassion_repentance,,大悲懺
同聲,tóngshēng,in unison; with one voice,great_compassion_repentance,,大悲懺
願此,yuàncǐ,may this,great_compassion_repentance,,大悲懺
香華雲,xiānghuāyún,cloud of incense and flowers,great_compassion_repentance,,大悲懺
遍滿,biànmǎn,pervade; fill everywhere,great_compassion_repentance,,大悲懺
十方界,shífāngjiè,worlds of the ten directions,great_compassion_repentance,,大悲懺
供養一切,gòngyǎng yīqiè,making offerings to all,great_compassion_repentance,,大悲懺
諸佛,zhūfó,all Buddhas,great_compassion_repentance,,大悲懺
妙法,miàofǎ,Wonderful Dharma; Sublime Dharma,great_compassion_repentance,,大悲懺
菩薩眾,púsàzhòng,assembly of Bodhisattvas,great_compassion_repentance,,大悲懺
聲聞,shēngwén,Sravakas; sound-hearers,great_compassion_repentance,,大悲懺
緣覺,yuánjué,Pratyekabuddhas; solitary realizers,great_compassion_repentance,,大悲懺
眾僧,sēngzhòng,Sangha assembly,great_compassion_repentance,,大悲懺
作佛事,zuò fóshì,perform Buddha-work,great_compassion_repentance,,大悲懺
普薰,pǔxūn,universally perfume; scent everywhere,great_compassion_repentance,,大悲懺
眾生,zhòngshēng,sentient beings; living beings,great_compassion_repentance,,大悲懺
皆發,jiēfā,all bring forth; all generate,great_compassion_repentance,,大悲懺
菩提心,pútíxīn,Bodhicitta; resolve for enlightenment,great_compassion_repentance,,大悲懺
同入,tóngrù,together enter,great_compassion_repentance,,大悲懺
無生,wúshēng,no-birth; unproduced,great_compassion_repentance,,大悲懺
證佛智,zhèng fózhì,certify to the Buddha's wisdom,great_compassion_repentance,,大悲懺
過去,guòqù,past; bygone,great_compassion_repentance,,大悲懺
正法明,zhèngfǎmíng,True Dharma Clarity (Guanyin's ancient Buddha title),great_compassion_repentance,,大悲懺
如來,rúlái,Tathagata; Thus Come One,great_compassion_repentance,,大悲懺
現前,xiànqián,manifest before us; present,great_compassion_repentance,,大悲懺
功德,gōngdé,merit and virtue,great_compassion_repentance,,大悲懺
大慈,dàcí,great kindness,great_compassion_repentance,,大悲懺
千眼,qiānyǎn,thousand eyes,great_compassion_repentance,,大悲懺
照見,zhàojiàn,illumine and behold,great_compassion_repentance,,大悲懺
千手,qiānshǒu,thousand hands,great_compassion_repentance,,大悲懺
護持,hùchí,protect and sustain,great_compassion_repentance,,大悲懺
廣大,guǎngdà,vast and extensive,great_compassion_repentance,,大悲懺
圓滿,yuánmǎn,perfectly fulfilled; complete,great_compassion_repentance,,大悲懺
無礙,wúài,unobstructed; unhindered,great_compassion_repentance,,大悲懺
神咒,shénzhòu,spiritual mantra; divine dharani,great_compassion_repentance,,大悲懺
永離,yǒnglǐ,forever leave; abandon eternally,great_compassion_repentance,,大悲懺
惡趣,èqù,evil realms; miserable destinies,great_compassion_repentance,,大悲懺
得生,déshēng,attain rebirth in,great_compassion_repentance,,大悲懺
佛前,fóqián,before the Buddha,great_compassion_repentance,,大悲懺
無間,wújiàn,Avici (hell); uninterrupted,great_compassion_repentance,,大悲懺
重罪,zhòngzuì,grave offenses; heavy karma,great_compassion_repentance,,大悲懺
纏身,chánshēn,embroil the body; bind oneself,great_compassion_repentance,,大悲懺
疾苦,jíkǔ,illness and suffering,great_compassion_repentance,,大悲懺
莫能,mònéng,none can; unable to,great_compassion_repentance,,大悲懺
救濟,jiùjì,rescue and relieve,great_compassion_repentance,,大悲懺
悉皆,xījiē,all completely; entirely,great_compassion_repentance,,大悲懺
消除,xiāochú,eradicate; eliminate,great_compassion_repentance,,大悲懺
智慧,zhìhuì,wisdom; insight,great_compassion_repentance,,大悲懺
辯才,biàncái,eloquence,great_compassion_repentance,,大悲懺
一切求,yīqiè qiú,all that is sought,great_compassion_repentance,,大悲懺
滿足,mǎnzú,fully satisfied; fulfilled,great_compassion_repentance,,大悲懺
決定,juédìng,definitely; without a doubt,great_compassion_repentance,,大悲懺
無疑,wúyí,no doubt,great_compassion_repentance,,大悲懺
大乘,dàchéng,Mahayana; Great Vehicle,great_compassion_repentance,,大悲懺
威神力,wēishénlì,awesome spiritual power,great_compassion_repentance,,大悲懺
歎莫窮,tàn mò qióng,praise can never exhaust,great_compassion_repentance,,大悲懺
歸命,guīmìng,refuge; dedicate one's life,great_compassion_repentance,,大悲懺
本尊,běnzūn,principal honored one; primary deity,great_compassion_repentance,,大悲懺
法性,fǎxìng,Dharma-nature,great_compassion_repentance,,大悲懺
空寂,kōngjì,empty and still,great_compassion_repentance,,大悲懺
感應,gǎnyìng,stimulus and response; spiritual resonance,great_compassion_repentance,,大悲懺
道場,dàochǎng,bodhimanda; way-place,great_compassion_repentance,,大悲懺
如帝珠,rú dìzhū,like Indra's net of pearls,great_compassion_repentance,,大悲懺
觀世音菩薩,guānshìyīn púsà,Avalokiteshvara Bodhisattva,great_compassion_repentance,,大悲懺
頭面接足,tóumiàn jiēzú,bowing the head to touch the feet of the honored one,great_compassion_repentance,,大悲懺
西方,xīfāng,western direction,great_compassion_repentance,,大悲懺
極樂世界,jílè shìjiè,Land of Ultimate Bliss; Sukhavati,great_compassion_repentance,,大悲懺
阿彌陀佛,ēmítuófó,Amitabha Buddha,great_compassion_repentance,,大悲懺
千億,qiānyì,hundreds of billions; countless,great_compassion_repentance,,大悲懺
廣大如來,guǎngdà rúlái,Vast Thus Come One,great_compassion_repentance,,大悲懺
神王,shénwáng,spiritual king,great_compassion_repentance,,大悲懺
千光王,qiānguāng wáng,King of Thousand Lights,great_compassion_repentance,,大悲懺
靜住如來,jìngzhù rúlái,Still Abiding Thus Come One,great_compassion_repentance,,大悲懺
廣大圓滿無礙大悲心大陀羅尼,guǎngdà yuánmǎn wúài dàbēixīn dàtuóluóní,Vast Perfect Unobstructed Great Compassion Mind Grand Dharani,great_compassion_repentance,,大悲懺
諸佛如來,zhūfó rúlái,all Buddha Tathagatas,great_compassion_repentance,,大悲懺
一切聖賢,yīqiè shèngxián,all sages and worthies,great_compassion_repentance,,大悲懺
陀羅尼,tuóluóní,Dharani; mantra,great_compassion_repentance,,大悲懺
章句,zhāngjù,verses and phrases,great_compassion_repentance,,大悲懺
三業,sānyè,three karmas (body,great_compassion_repentance,,大悲懺
慈悲,cíbēi,compassion; mercy,great_compassion_repentance,,大悲懺
令我,lìngwǒ,cause me to,great_compassion_repentance,,大悲懺
罪障,zuìzhàng,karmic obstacles; offenses,great_compassion_repentance,,大悲懺
消滅,xiāomiè,eliminate; extinguish completely,great_compassion_repentance,,大悲懺
大勢至,dàshìzhì,Mahasthamaprapta (Bodhisattva),great_compassion_repentance,,大悲懺
總持王,zǒngchíwáng,Dharani King (Bodhisattva),great_compassion_repentance,,大悲懺
日光,rìguāng,Suryaprabha; Sunlight (Bodhisattva),great_compassion_repentance,,大悲懺
月光,yuèguāng,Candraprabha; Moonlight (Bodhisattva),great_compassion_repentance,,大悲懺
寶王,bǎowáng,Jeweled King (Bodhisattva),great_compassion_repentance,,大悲懺
藥王,yàowáng,Bhaisajyaraja; Medicine King (Bodhisattva),great_compassion_repentance,,大悲懺
藥上,yàoshàng,Bhaisajyasamudgata; Supreme Medicine (Bodhisattva),great_compassion_repentance,,大悲懺
華嚴,huāyán,Avatamsaka; Flower Adornment (Bodhisattva),great_compassion_repentance,,大悲懺
大藏,dàzàng,Great Treasury (Bodhisattva),great_compassion_repentance,,大悲懺
寶藏,bǎozàng,Jeweled Treasury (Bodhisattva),great_compassion_repentance,,大悲懺
德藏,dézàng,Virtue Treasury (Bodhisattva),great_compassion_repentance,,大悲懺
金剛藏,jīngāngzàng,Vajragarbha; Vajra Treasury (Bodhisattva),great_compassion_repentance,,大悲懺
虛空藏,xūkōngzàng,Akasagarbha; Space Treasury (Bodhisattva),great_compassion_repentance,,大悲懺
彌勒,mílè,Maitreya (Bodhisattva),great_compassion_repentance,,大悲懺
文殊師利,wénshūshīlì,Manjushri (Bodhisattva),great_compassion_repentance,,大悲懺
普賢,pǔxián,Samantabhadra (Bodhisattva),great_compassion_repentance,,大悲懺
十方一切,shífāng yīqiè,all in the ten directions,great_compassion_repentance,,大悲懺
比丘,bǐqiū,Bhikshu; monk,great_compassion_repentance,,大悲懺
比丘尼,bǐqiūní,Bhikshuni; nun,great_compassion_repentance,,大悲懺
優婆塞,yōupósāi,Upasaka; lay gentleman,great_compassion_repentance,,大悲懺
優婆夷,yōupóyí,Upasika; lay lady,great_compassion_repentance,,大悲懺
天龍八部,tiānlóng bābù,gods,great_compassion_repentance,,大悲懺
童男,tóngnán,young boys; pure youths,great_compassion_repentance,,大悲懺
童女,tóngnǚ,young girls; pure maidens,great_compassion_repentance,,大悲懺
善神,shànshén,benevolent deities,great_compassion_repentance,,大悲懺
龍王,lóngwáng,dragon kings,great_compassion_repentance,,大悲懺
神女,shénnǚ,goddesses,great_compassion_repentance,,大悲懺
江海,jiānghǎi,rivers and oceans,great_compassion_repentance,,大悲懺
泉源,quányuán,fountains and springs,great_compassion_repentance,,大悲懺
河沼,hézhǎo,streams and pools,great_compassion_repentance,,大悲懺
藥草,yàocǎo,medicinal herbs,great_compassion_repentance,,大悲懺
樹林,shùlín,woods and forests,great_compassion_repentance,,大悲懺
舍宅,shèzhái,houses and dwellings,great_compassion_repentance,,大悲懺
水神,shuǐshén,water deities,great_compassion_repentance,,大悲懺
火神,huǒshén,fire deities,great_compassion_repentance,,大悲懺
風神,fēngshén,wind deities,great_compassion_repentance,,大悲懺
土神,tǔshén,earth deities,great_compassion_repentance,,大悲懺
山神,shānshén,mountain deities,great_compassion_repentance,,大悲懺
宮殿,gōngdiàn,palaces and halls,great_compassion_repentance,,大悲懺
羅剎,luóchà,Rakshasa (demons),great_compassion_repentance,,大悲懺
眷屬,juànshǔ,retinue; family,great_compassion_repentance,,大悲懺
受持,shòuchí,receive and hold,great_compassion_repentance,,大悲懺
大悲咒,dàbēizhòu,Great Compassion Mantra,great_compassion_repentance,,大悲懺
若有,ruòyǒu,if there are,great_compassion_repentance,,大悲懺
誦持,sòngchí,recite and maintain,great_compassion_repentance,,大悲懺
若欲,ruòyù,if one desires to,great_compassion_repentance,,大悲懺
發願,fāyuàn,make a vow; generate a vow,great_compassion_repentance,,大悲懺
先當,xiāndāng,should first,great_compassion_repentance,,大悲懺
從我,cóngwǒ,follow me,great_compassion_repentance,,大悲懺
善方便,shàn fāngbiàn,good expedient means,great_compassion_repentance,,大悲懺
速知,sùzhī,quickly know,great_compassion_repentance,,大悲懺
智慧眼,zhìhuìyǎn,eye of wisdom,great_compassion_repentance,,大悲懺
廣度,guǎngdù,widely rescue; extensively cross over,great_compassion_repentance,,大悲懺
得度,dédù,attain liberation; be rescued,great_compassion_repentance,,大悲懺
善法,shànfǎ,wholesome dharmas; good teachings,great_compassion_repentance,,大悲懺
般若船,bōrěchuán,Prajna boat,great_compassion_repentance,,大悲懺
早越,zǎoyuè,soon cross over,great_compassion_repentance,,大悲懺
苦海,kǔhǎi,sea of suffering,great_compassion_repentance,,大悲懺
戒定慧,jiè dìng huì,Precepts,great_compassion_repentance,,大悲懺
無為舍,wúwéishè,unconditioned dwelling,great_compassion_repentance,,大悲懺
同法性,tóng fǎxìng,identical with the Dharma-nature,great_compassion_repentance,,大悲懺
法性身,fǎxìngshēn,Dharma-nature body,great_compassion_repentance,,大悲懺
刀山,dāoshān,mountain of knives (hell),great_compassion_repentance,,大悲懺
自摧折,zì cuīzhé,shatters of itself,great_compassion_repentance,,大悲懺
火湯,huǒtāng,boiling oil/water (hell),great_compassion_repentance,,大悲懺
地獄,dìyù,hell realm,great_compassion_repentance,,大悲懺
自消滅,zì xiāomiè,extinguishes of itself,great_compassion_repentance,,大悲懺
餓鬼,èguǐ,hungry ghosts,great_compassion_repentance,,大悲懺
自飽滿,zì bǎomǎn,become full of themselves,great_compassion_repentance,,大悲懺
修羅,xiūluó,Asuras,great_compassion_repentance,,大悲懺
惡心,èxīn,evil minds,great_compassion_repentance,,大悲懺
自調伏,zì tiáofú,tame themselves,great_compassion_repentance,,大悲懺
畜生,chùshēng,animal realm,great_compassion_repentance,,大悲懺
大智慧,dà zhìhuì,great wisdom,great_compassion_repentance,,大悲懺
和南,hénán,Vandana; prostration; respectful greeting,great_compassion_repentance,,大悲懺
聖眾,shèngzhòng,assembly of sages,great_compassion_repentance,,大悲懺
白言,báiyán,said to; addressed,great_compassion_repentance,,大悲懺
若諸,ruòzhū,if all,great_compassion_repentance,,大悲懺
誦持大悲神咒,sòngchí dàbēi shénzhòu,recite and maintain the Great Compassion Spiritual Mantra,great_compassion_repentance,,大悲懺
墮三惡趣,duò sān èqù,fall into the three evil realms,great_compassion_repentance,,大悲懺
不生佛國,bùshēng fóguó,not reborn in a Buddhaland,great_compassion_repentance,,大悲懺
無量三昧,wúliàng sānmèi,boundless samadhis,great_compassion_repentance,,大悲懺
辯才無礙,biàncái wúài,unobstructed eloquence,great_compassion_repentance,,大悲懺
現生,xiànshēng,in the present life,great_compassion_repentance,,大悲懺
所求,suǒqiú,whatever is sought,great_compassion_repentance,,大悲懺
不果遂,bù guǒsuì,not accomplished; unfulfilled,great_compassion_repentance,,大悲懺
不得為,bùdé wéi,cannot be considered,great_compassion_repentance,,大悲懺
大悲心陀羅尼,dàbēixīn tuóluóní,Great Compassion Mind Dharani,great_compassion_repentance,,大悲懺
不善,bùshàn,unwholesome; not good,great_compassion_repentance,,大悲懺
生疑,shēngyí,give rise to doubt,great_compassion_repentance,,大悲懺
乃至,nǎizhì,even up to; even,great_compassion_repentance,,大悲懺
合掌,hézhǎng,join the palms together,great_compassion_repentance,,大悲懺
正體,zhèngtǐ,upright posture; proper form,great_compassion_repentance,,大悲懺
開顏含笑,kāiyán hánxiào,broadly smile,great_compassion_repentance,,大悲懺
即說,jíshuō,immediately spoke,great_compassion_repentance,,大悲懺
咒曰,zhòuyuē,the mantra says; dharani as follows,great_compassion_repentance,,大悲懺
說此咒畢,shuō cǐ zhòu bì,finished speaking this mantra,great_compassion_repentance,,大悲懺
大地六變震動,dàdì liùbiàn zhèndòng,the great earth shook in six ways,great_compassion_repentance,,大悲懺
天雨寶華,tiānyǔ bǎohuā,heavens rained down precious flowers,great_compassion_repentance,,大悲懺
繽紛而下,bīnfēn ér xià,fell down in colorful profusion,great_compassion_repentance,,大悲懺
十方諸佛,shífāng zhūfó,all Buddhas of the ten directions,great_compassion_repentance,,大悲懺
悉皆歡喜,xījiē huānxǐ,were all delighted,great_compassion_repentance,,大悲懺
天魔外道,tiānmó wàidào,heavenly demons and externalists,great_compassion_repentance,,大悲懺
恐怖毛豎,kǒngbù máoshù,terrified so that their hair stood on end,great_compassion_repentance,,大悲懺
一切大會,yīqiè dàhuì,the entire grand assembly,great_compassion_repentance,,大悲懺
皆得果證,jiēdé guǒzhèng,all attained the fruits of certification,great_compassion_repentance,,大悲懺
乃至十地,nǎizhì shídì,even up to the Tenth Ground,great_compassion_repentance,,大悲懺
無量眾生,wúliàng zhòngshēng,countless sentient beings,great_compassion_repentance,,大悲懺
發菩提心,fā pútíxīn,generated the Bodhi-mind,great_compassion_repentance,,大悲懺
修行,xiūxíng,cultivate practice; practitioner,great_compassion_repentance,,大悲懺
造罪,zàozuì,commit offenses; create negative karma,great_compassion_repentance,,大悲懺
相惱,xiāngnǎo,distress each other,great_compassion_repentance,,大悲懺
不經,bùjīng,without undergoing,great_compassion_repentance,,大悲懺
懺悔,chànhuǐ,repent and reform,great_compassion_repentance,,大悲懺
無始,wúshǐ,beginningless,great_compassion_repentance,,大悲懺
六根,liùgēn,six sense faculties,great_compassion_repentance,,大悲懺
出要,chūyào,essential path of escape,great_compassion_repentance,,大悲懺
順理,shùnlǐ,comply with principle,great_compassion_repentance,,大悲懺
猶與,yóuyǔ,still with,great_compassion_repentance,,大悲懺
加護,jiāhù,bestow protection upon,great_compassion_repentance,,大悲懺
法界,fǎjiè,Dharma-realm,great_compassion_repentance,,大悲懺
三有,sānyǒu,three realms of existence,great_compassion_repentance,,大悲懺
斷除,duànchú,cut off and eliminate,great_compassion_repentance,,大悲懺
復來,fùlái,return again,great_compassion_repentance,,大悲懺
內計,nèijì,internally scheme,great_compassion_repentance,,大悲懺
我人,wǒrén,self and others,great_compassion_repentance,,大悲懺
惡友,èyǒu,bad friends; unwholesome companions,great_compassion_repentance,,大悲懺
隨他,suítā,follow others,great_compassion_repentance,,大悲懺
毫善,háoshàn,a hair's breadth of good,great_compassion_repentance,,大悲懺
布在,bùzài,spread across,great_compassion_repentance,,大悲懺
晝夜,zhòuyè,day and night,great_compassion_repentance,,大悲懺
相續,xiāngxù,continuously; in succession,great_compassion_repentance,,大悲懺
覆諱,fùhuì,cover up and conceal,great_compassion_repentance,,大悲懺
過失,guòshī,faults; mistakes,great_compassion_repentance,,大悲懺
畏慚,wèicán,fear and shame,great_compassion_repentance,,大悲懺
撥無,bōwú,deny the existence of,great_compassion_repentance,,大悲懺
因果,yīnguǒ,cause and effect; karma,great_compassion_repentance,,大悲懺
深信,shēnxìn,deeply believe,great_compassion_repentance,,大悲懺
怖畏,bùwèi,fear; dread,great_compassion_repentance,,大悲懺
相勤,xiāngqín,encourage each other diligently,great_compassion_repentance,,大悲懺
翻昔,fānxī,turn over the past; reform,great_compassion_repentance,,大悲懺
凡聖,fánshèng,ordinary people and sages,great_compassion_repentance,,大悲懺
福慧,fúhuì,blessings and wisdom,great_compassion_repentance,,大悲懺
拔我,báwǒ,pull me out,great_compassion_repentance,,大悲懺
生死,shēngsǐ,birth and death; samsara,great_compassion_repentance,,大悲懺
置我,zhìwǒ,place me; bring me to,great_compassion_repentance,,大悲懺
涅槃岸,nièpánàn,shore of Nirvana,great_compassion_repentance,,大悲懺
攝受,shèshòu,gather in and receive,great_compassion_repentance,,大悲懺
弟子,dìzǐ,disciple,great_compassion_repentance,,大悲懺
無明,wúmíng,ignorance,great_compassion_repentance,,大悲懺
所覆,suǒfù,covered by,great_compassion_repentance,,大悲懺
昏迷,hūnmí,senseless; dazed and confused,great_compassion_repentance,,大悲懺
舉心動念,jǔxīn dòngniàn,raising thoughts and moving reflections,great_compassion_repentance,,大悲懺
平等,píngděng,equality; sameness,great_compassion_repentance,,大悲懺
自他想,zìtā xiǎng,notions of self and other,great_compassion_repentance,,大悲懺
五逆,wǔnì,five rebellious offenses (heinous crimes),great_compassion_repentance,,大悲懺
謗法,bàngfǎ,slander the Dharma,great_compassion_repentance,,大悲懺
破戒,pòjiè,break the precepts,great_compassion_repentance,,大悲懺
破齋,pòzhāi,break the pure eating rules,great_compassion_repentance,,大悲懺
毀壞,huǐhuài,destroy and ruin,great_compassion_repentance,,大悲懺
佛塔寺,fótǎsì,Buddha stupas and temples,great_compassion_repentance,,大悲懺
常住物,chángzhùwù,property of the eternally abiding (Sangha property),great_compassion_repentance,,大悲懺
污淨行,wū jìngxíng,defile pure conduct,great_compassion_repentance,,大悲懺
侵損,qīnsǔn,damage and encroach upon,great_compassion_repentance,,大悲懺
常住財物,chángzhù cáiwù,wealth and property of the eternally abiding,great_compassion_repentance,,大悲懺
無量無邊,wúliàng wúbiān,boundless and limitless,great_compassion_repentance,,大悲懺
捨茲形,shě zī xíng,cast aside this body,great_compassion_repentance,,大悲懺
三途,sāntú,three miserable paths (hell,great_compassion_repentance,,大悲懺
備嬰,bèiyīng,fully endure; be entangled in,great_compassion_repentance,,大悲懺
萬苦,wànkǔ,myriad sufferings,great_compassion_repentance,,大悲懺
現世,xiànshì,present life; current incarnation,great_compassion_repentance,,大悲懺
煎迫,jiānpò,tormented and oppressed,great_compassion_repentance,,大悲懺
大悲真言,dàbēi zhēnyán,Great Compassion True Words (Mantra),great_compassion_repentance,,大悲懺
畢竟,bìjìng,ultimately; after all,great_compassion_repentance,,大悲懺
內外,nèiwài,inside and outside; internal and external,great_compassion_repentance,,大悲懺
因緣,yīnyuán,causes and conditions,great_compassion_repentance,,大悲懺
淨盡,jìngjìn,completely purified; thoroughly extinguished,great_compassion_repentance,,大悲懺
自他願行,zìtā yuànxíng,the vows and practices of self and others,great_compassion_repentance,,大悲懺
皆圓滿,jiē yuánmǎn,all perfectly fulfilled,great_compassion_repentance,,大悲懺
開本知見,kāi běn zhījiàn,open original knowledge and vision,great_compassion_repentance,,大悲懺
制諸魔外,zhì zhū mó wài,control all demons and externalists,great_compassion_repentance,,大悲懺
三乘,sānchéng,Three Vehicles,great_compassion_repentance,,大悲懺
精進,jīngjìn,vigor; diligent progress,great_compassion_repentance,,大悲懺
因更,yīngèng,because of this,great_compassion_repentance,,大悲懺
往生,wǎngshēng,be reborn in,great_compassion_repentance,,大悲懺
華開見佛,huākāi jiànfó,flowers open to see the Buddha,great_compassion_repentance,,大悲懺
法輪,fǎlún,Wheel of Dharma,great_compassion_repentance,,大悲懺
自歸依,zì guīyī,take refuge in oneself/take refuge,great_compassion_repentance,,大悲懺
體解,tǐjiě,deeply understand,great_compassion_repentance,,大悲懺
無上道,wúshàngdào,Supreme Way; Unsurpassed Path,great_compassion_repentance,,大悲懺
深入,shēnrù,deeply enter,great_compassion_repentance,,大悲懺
經藏,jīngzàng,Sutra Pitaka; treasury of scriptures,great_compassion_repentance,,大悲懺
智慧如海,zhìhuì rú hǎi,wisdom as vast as the ocean,great_compassion_repentance,,大悲懺
統理,tǒnglǐ,guide and lead,great_compassion_repentance,,大悲懺
大眾,dàzhòng,the great assembly,great_compassion_repentance,,大悲懺
一切無礙,yīqiè wúài,completely unobstructed in all things,great_compassion_repentance,,大悲懺
迴向,huíxiàng,transfer of merit; dedication,great_compassion_repentance,,大悲懺
迴向文,huíxiàngwén,merit transfer liturgy; dedication text,great_compassion_repentance,,大悲懺
殊勝,shūshèng,extraordinarily sublime; supreme,great_compassion_repentance,,大悲懺
普願,pǔyuàn,universally vow; universal wish,great_compassion_repentance,,大悲懺
諸眾生,zhū zhòngshēng,all sentient beings,great_compassion_repentance,,大悲懺
速往,sùwǎng,quickly go to; speed to,great_compassion_repentance,,大悲懺
無量光佛剎,wúliàngguāng fóchà,Buddhaland of Infinite Light (Amitabha's realm),great_compassion_repentance,,大悲懺
十方三世,shífāng sānshì,ten directions and three periods of time,great_compassion_repentance,,大悲懺
一切諸佛,yīqiè zhūfó,all Buddhas everywhere,great_compassion_repentance,,大悲懺
諸尊菩薩,zhūzūn púsà,all honored Bodhisattvas,great_compassion_repentance,,大悲懺
摩訶薩,móhēsà,Mahasattva; great being,great_compassion_repentance,,大悲懺
摩訶般若波羅蜜,móhē bōrě bōluómì,Maha Prajna Paramita; Great Perfection of Wisdom,great_compassion_repentance,,大悲懺
大悲心,dàbēixīn,Great Compassion Mind,great_compassion_repentance,,大悲懺
日宮天子,rìgōng tiānzǐ,Sun Palace Son of Heaven (Solar Deity),great_compassion_repentance,,大悲懺
月宮天子,yuègōng tiānzǐ,Moon Palace Son of Heaven (Lunar Deity),great_compassion_repentance,,大悲懺
三寶事,sānbǎoshì,matters pertaining to the Triple Gem,great_compassion_repentance,,大悲懺
常住僧,chángzhù sēng,monastics of the eternally abiding Sangha,great_compassion_repentance,,大悲懺
一切罪,yīqièzuì,all offenses; every single transgression,great_compassion_repentance,,大悲懺
求見佛,qiú jiàn fó,seek to see the Buddha,great_compassion_repentance,,大悲懺
求生淨土,qiúshēng jìngtǔ,seek rebirth in the Pure Land,great_compassion_repentance,,大悲懺
發大願,fā dàyuàn,make great vows; generate supreme vows,great_compassion_repentance,,大悲懺
廣度眾生,guǎngdù zhòngshēng,extensively save and liberate sentient beings,great_compassion_repentance,,大悲懺
速般涅槃,sù bān nièpán,quickly enter Parinirvana,great_compassion_repentance,,大悲懺
得大慈悲,dé dà cíbēi,attain great kindness and compassion,great_compassion_repentance,,大悲懺
得滅罪,dé mièzuì,attain the eradication of offenses,great_compassion_repentance,,大悲懺
除怖畏,chú bùwèi,dispel fear and dread,great_compassion_repentance,,大悲懺
隨心所欲,suíxīn suǒyù,in accordance with all heart's desires,great_compassion_repentance,,大悲懺
除滅障礙,chúmiè zhàngài,eradicate and dissolve obstacles,great_compassion_repentance,,大悲懺
成就諸善,chéngjiù zhūshàn,accomplish all forms of goodness,great_compassion_repentance,,大悲懺
大神通,dà shéntōng,great spiritual powers; major psychic penetrations,great_compassion_repentance,,大悲懺
無能勝,wúnéngshèng,invincible; unable to be surpassed,great_compassion_repentance,,大悲懺
大明咒,dàmíngzhòu,great brightening mantra,great_compassion_repentance,,大悲懺
無上咒,wúshàngzhòu,unsurpassed mantra,great_compassion_repentance,,大悲懺
無等等咒,wúděngděng zhòu,unequaled mantra,great_compassion_repentance,,大悲懺
佛眼證,fóyǎn zhèng,certified by the Buddha eye,great_compassion_repentance,,大悲懺
大悲功德,dàbēi gōngdé,merits and virtues of great compassion,great_compassion_repentance,,大悲懺
阿彌陀,ēmítuó,Amitabha (phonetic/abbreviated),great_compassion_repentance,,大悲懺
極樂國,jílèguó,Land of Ultimate Bliss (Sukhavati),great_compassion_repentance,,大悲懺
西方聖眾,xīfāng shèngzhòng,holy assembly of the Western Realm,great_compassion_repentance,,大悲懺
得見佛,dé jiàn fó,attain the sighting of the Buddha,great_compassion_repentance,,大悲懺
聞妙法,wén miàofǎ,hear the wonderful Dharma,great_compassion_repentance,,大悲懺
成佛道,chéng fódào,accomplish the Buddha Way,great_compassion_repentance,,大悲懺
普皆迴向,pǔjiē huíxiàng,universally dedicate/transfer all merit,great_compassion_repentance,,大悲懺
願生西方,yuànshēng xīfāng,vow to be reborn in the West,great_compassion_repentance,,大悲懺
華開見,huākāi jiàn,flowers bloom to reveal/see,great_compassion_repentance,,大悲懺
同生極樂,tóngshēng jílè,together reborn in ultimate bliss,great_compassion_repentance,,大悲懺
顯正,xiǎnzhèng,manifest the proper; reveal the true nature,great_compassion_repentance,,大悲懺
作證,zuòzhèng,bear witness; act as certification,great_compassion_repentance,,大悲懺
加持,jiāchí,bless; empower; bestow spiritual protection,great_compassion_repentance,,大悲懺
神力,shénlì,spiritual power; psychic/awesome might,great_compassion_repentance,,大悲懺
發露,fālòu,disclose openly; lay bare one's faults,great_compassion_repentance,,大悲懺
隨喜,suíxǐ,rejoice sympathetically; joyfully comply,great_compassion_repentance,,大悲懺
常住三寶,chángzhù sānbǎo,eternally abiding Triple Gem,great_compassion_repentance,,大悲懺
廣大圓滿,guǎngdà yuánmǎn,vastly extensive and perfectly fulfilled,great_compassion_repentance,,大悲懺
千手千眼,qiānshǒu qiānyǎn,thousand hands and thousand eyes,great_compassion_repentance,,大悲懺
大悲神咒,dàbēi shénzhòu,Great Compassion Spiritual Mantra,great_compassion_repentance,,大悲懺
大悲心咒,dàbēixīn zhòu,Great Compassion Mind Mantra,great_compassion_repentance,,大悲懺
當願眾生,dāngyuàn zhòngshēng,may sentient beings reflect/vow that,great_compassion_repentance,,大悲懺
體解大道,tǐjiě dàdào,deeply understand the Great Way,great_compassion_repentance,,大悲懺
發無上心,fā wúshàng xīn,bring forth the supreme mind (Bodhicitta),great_compassion_repentance,,大悲懺
深入經藏,shēnrù jīngzàng,deeply enter the treasury of scriptures,great_compassion_repentance,,大悲懺
統理大眾,tǒnglǐ dàzhòng,guide and lead the great assembly,great_compassion_repentance,,大悲懺
願生西方淨土,yuànshēng xīfāng jìngtǔ,vow to be reborn in the Western Pure Land,great_compassion_repentance,,大悲懺
